Country Name,Country Code,Indicator Name,Indicator Code,1960,1961,1962,1963,1964,1965,1966,1967,1968,1969,1970,1971,1972,1973,1974,1975,1976,1977,1978,1979,1980,1981,1982,1983,1984,1985,1986,1987,1988,1989,1990,1991,1992,1993,1994,1995,1996,1997,1998,1999,2000,2001,2002,2003,2004,2005,2006,2007,2008,2009,2010,2011,2012,2013,2014,2015,2016,2017,2018,2019
Aruba,ABW,Malaria cases reported,SH.STA.MALR,,,,,,,,,,,,,,,,,,,,,,,,,,,,,,,,,,,,,,,,,,,,,,,,,,,,,,,,,,,,
Afghanistan,AFG,Malaria cases reported,SH.STA.MALR,,,,,,,,,,,,,,,,,,,,,,,,,,,,,,,,,,,,,,,,,94475,,,,,,,,,,69397,77549,54840,39263,61362,86895,139087,161778,,
Angola,AGO,Malaria cases reported,SH.STA.MALR,,,,,,,,,,,,,,,,,,,,,,,,,,,,,,,,,,,,,,,,,,,,,,,,,,,1682870,1632282,1496834,1999868,2298979,2769305,3794253,3874892,,
Albania,ALB,Malaria cases reported,SH.STA.MALR,,,,,,,,,,,,,,,,,,,,,,,,,,,,,,,,,,,,,,,,,,,,,,,,,,,,,,,,,,,,
Andorra,AND,Malaria cases reported,SH.STA.MALR,,,,,,,,,,,,,,,,,,,,,,,,,,,,,,,,,,,,,,,,,,,,,,,,,,,,,,,,,,,,
Arab World,ARB,Malaria cases reported,SH.STA.MALR,,,,,,,,,,,,,,,,,,,,,,,,,,,,,,,,,,,,,,,,,,,,,,,,,,,,,,,,,,,,
United Arab Emirates,ARE,Malaria cases reported,SH.STA.MALR,,,,,,,,,,,,,,,,,,,,,,,,,,,,,,,,,,,,,,,,,,,,,,,,,,,,,5165,4380,4575,3685,3849,4013,,
Argentina,ARG,Malaria cases reported,SH.STA.MALR,,,,,,,,,,,,,,,,,,,,,,,,,,,,,,,,,,,,,,,,,440,,,,,,,,,,72,18,4,4,4,11,7,18,,
Armenia,ARM,Malaria cases reported,SH.STA.MALR,,,,,,,,,,,,,,,,,,,,,,,,,,,,,,,,,,,,,,,,,141,,,,,,,,,,1,,,,,2,2,2,,
American Samoa,ASM,Malaria cases reported,SH.STA.MALR,,,,,,,,,,,,,,,,,,,,,,,,,,,,,,,,,,,,,,,,,,,,,,,,,,,,,,,,,,,,
Antigua and Barbuda,ATG,Malaria cases reported,SH.STA.MALR,,,,,,,,,,,,,,,,,,,,,,,,,,,,,,,,,,,,,,,,,,,,,,,,,,,,,,,,,,,,
Australia,AUS,Malaria cases reported,SH.STA.MALR,,,,,,,,,,,,,,,,,,,,,,,,,,,,,,,,,,,,,,,,,,,,,,,,,,,,,,,,,,,,
Austria,AUT,Malaria cases reported,SH.STA.MALR,,,,,,,,,,,,,,,,,,,,,,,,,,,,,,,,,,,,,,,,,,,,,,,,,,,,,,,,,,,,
Azerbaijan,AZE,Malaria cases reported,SH.STA.MALR,,,,,,,,,,,,,,,,,,,,,,,,,,,,,,,,,,,,,,,,,1526,,,,,,,,,,52,8,4,4,2,1,1,1,,
Burundi,BDI,Malaria cases reported,SH.STA.MALR,,,,,,,,,,,,,,,,,,,,,,,,,,,,,,,,,,,,,,,,,308095,,,,,,,,,,1763447,1571874,2151076,4141387,4585273,5159706,8274062,7670177,,
Belgium,BEL,Malaria cases reported,SH.STA.MALR,,,,,,,,,,,,,,,,,,,,,,,,,,,,,,,,,,,,,,,,,,,,,,,,,,,,,,,,,,,,
Benin,BEN,Malaria cases reported,SH.STA.MALR,,,,,,,,,,,,,,,,,,,,,,,,,,,,,,,,,,,,,,,,,,,,,,,,,,,,422968,705839,1078834,1044235,1268347,1324576,1696777,,
Burkina Faso,BFA,Malaria cases reported,SH.STA.MALR,,,,,,,,,,,,,,,,,,,,,,,,,,,,,,,,,,,,,,,,,,,,,,,,,,,804539,428113,3858046,3769051,5428655,7015446,9779154,10225459,,
Bangladesh,BGD,Malaria cases reported,SH.STA.MALR,,,,,,,,,,,,,,,,,,,,,,,,,,,,,,,,,,,,,,,,,55599,,,,,,,,,,55873,51773,9901,3864,10216,6608,4787,4912,,
Bulgaria,BGR,Malaria cases reported,SH.STA.MALR,,,,,,,,,,,,,,,,,,,,,,,,,,,,,,,,,,,,,,,,,,,,,,,,,,,,,,,,,,,,
Bahrain,BHR,Malaria cases reported,SH.STA.MALR,,,,,,,,,,,,,,,,,,,,,,,,,,,,,,,,,,,,,,,,,,,,,,,,,,,,,,,,,,,,
"Bahamas, The",BHS,Malaria cases reported,SH.STA.MALR,,,,,,,,,,,,,,,,,,,,,,,,,,,,,,,,,,,,,,,,,,,,,,,,,,,,,,,,,,,,
Bosnia and Herzegovina,BIH,Malaria cases reported,SH.STA.MALR,,,,,,,,,,,,,,,,,,,,,,,,,,,,,,,,,,,,,,,,,,,,,,,,,,,,,,,,,,,,
Belarus,BLR,Malaria cases reported,SH.STA.MALR,,,,,,,,,,,,,,,,,,,,,,,,,,,,,,,,,,,,,,,,,,,,,,,,,,,,,,,,,,,,
Belize,BLZ,Malaria cases reported,SH.STA.MALR,,,,,,,,,,,,,,,,,,,,,,,,,,,,,,,,,,,,,,,,,1486,,,,,,,,,,150,79,37,26,19,13,5,9,,
Bermuda,BMU,Malaria cases reported,SH.STA.MALR,,,,,,,,,,,,,,,,,,,,,,,,,,,,,,,,,,,,,,,,,,,,,,,,,,,,,,,,,,,,
Bolivia,BOL,Malaria cases reported,SH.STA.MALR,,,,,,,,,,,,,,,,,,,,,,,,,,,,,,,,,,,,,,,,,31469,,,,,,,,,,13769,7143,7415,7342,7401,6907,5553,4587,,
Brazil,BRA,Malaria cases reported,SH.STA.MALR,,,,,,,,,,,,,,,,,,,,,,,,,,,,,,,,,,,,,,,,,613241,,,,,,,,,,334667,267146,242758,177767,144130,143161,129246,194370,,
Barbados,BRB,Malaria cases reported,SH.STA.MALR,,,,,,,,,,,,,,,,,,,,,,,,,,,,,,,,,,,,,,,,,,,,,,,,,,,,,,,,,,,,
Brunei Darussalam,BRN,Malaria cases reported,SH.STA.MALR,,,,,,,,,,,,,,,,,,,,,,,,,,,,,,,,,,,,,,,,,,,,,,,,,,,,,,,,,,,,
Bhutan,BTN,Malaria cases reported,SH.STA.MALR,,,,,,,,,,,,,,,,,,,,,,,,,,,,,,,,,,,,,,,,,5935,,,,,,,,,,436,194,82,45,48,104,74,51,,
Botswana,BWA,Malaria cases reported,SH.STA.MALR,,,,,,,,,,,,,,,,,,,,,,,,,,,,,,,,,,,,,,,,,10510,,,,,,,,,,1046,432,193,456,1346,326,716,1900,,
Central African Republic,CAF,Malaria cases reported,SH.STA.MALR,,,,,,,,,,,,,,,,,,,,,,,,,,,,,,,,,,,,,,,,,33411,,,,,,,,,,,,46759,116300,295088,598833,1032764,383309,,
Canada,CAN,Malaria cases reported,SH.STA.MALR,,,,,,,,,,,,,,,,,,,,,,,,,,,,,,,,,,,,,,,,,,,,,,,,,,,,,,,,,,,,
Central Europe and the Baltics,CEB,Malaria cases reported,SH.STA.MALR,,,,,,,,,,,,,,,,,,,,,,,,,,,,,,,,,,,,,,,,,,,,,,,,,,,,,,,,,,,,
Switzerland,CHE,Malaria cases reported,SH.STA.MALR,,,,,,,,,,,,,,,,,,,,,,,,,,,,,,,,,,,,,,,,,,,,,,,,,,,,,,,,,,,,
Channel Islands,CHI,Malaria cases reported,SH.STA.MALR,,,,,,,,,,,,,,,,,,,,,,,,,,,,,,,,,,,,,,,,,,,,,,,,,,,,,,,,,,,,
Chile,CHL,Malaria cases reported,SH.STA.MALR,,,,,,,,,,,,,,,,,,,,,,,,,,,,,,,,,,,,,,,,,,,,,,,,,,,,,,,,,,,,
China,CHN,Malaria cases reported,SH.STA.MALR,,,,,,,,,,,,,,,,,,,,,,,,,,,,,,,,,,,,,,,,,8025,,,,,,,,,,4990,3367,2603,4086,2921,3088,3129,2666,,
Cote d'Ivoire,CIV,Malaria cases reported,SH.STA.MALR,,,,,,,,,,,,,,,,,,,,,,,,,,,,,,,,,,,,,,,,,15705,,,,,,,,,,62726,29976,1140627,2506953,3712831,3375904,3471024,3274683,,
Cameroon,CMR,Malaria cases reported,SH.STA.MALR,,,,,,,,,,,,,,,,,,,,,,,,,,,,,,,,,,,,,,,,,,,,,,,,,,,,15212,,26651,,1162784,1675264,1191257,,
"Congo, Dem. Rep.",COD,Malaria cases reported,SH.STA.MALR,,,,,,,,,,,,,,,,,,,,,,,,,,,,,,,,,,,,,,,,,897,,,,,,,,,,2417780,4561981,4791598,6715223,9968983,11627473,15330841,15176927,,
"Congo, Rep.",COG,Malaria cases reported,SH.STA.MALR,,,,,,,,,,,,,,,,,,,,,,,,,,,,,,,,,,,,,,,,,15751,,,,,,,,,,,37744,120319,43232,66323,51529,171847,127939,,
Colombia,COL,Malaria cases reported,SH.STA.MALR,,,,,,,,,,,,,,,,,,,,,,,,,,,,,,,,,,,,,,,,,144432,,,,,,,,,,117650,64309,60179,51696,40768,51594,63170,43405,,
Comoros,COM,Malaria cases reported,SH.STA.MALR,,,,,,,,,,,,,,,,,,,,,,,,,,,,,,,,,,,,,,,,,801784,,,,,,,,,,36538,24856,49840,53156,2203,1300,1066,2274,,
Cabo Verde,CPV,Malaria cases reported,SH.STA.MALR,,,,,,,,,,,,,,,,,,,,,,,,,,,,,,,,,,,,,,,,,144,,,,,,,,,,47,36,36,46,46,28,75,446,,
Costa Rica,CRI,Malaria cases reported,SH.STA.MALR,,,,,,,,,,,,,,,,,,,,,,,,,,,,,,,,,,,,,,,,,1879,,,,,,,,,,114,17,8,6,6,8,13,25,,
Caribbean small states,CSS,Malaria cases reported,SH.STA.MALR,,,,,,,,,,,,,,,,,,,,,,,,,,,,,,,,,,,,,,,,,,,,,,,,,,,,,,,,,,,,
Cuba,CUB,Malaria cases reported,SH.STA.MALR,,,,,,,,,,,,,,,,,,,,,,,,,,,,,,,,,,,,,,,,,,,,,,,,,,,,,,,,,,,,
Curacao,CUW,Malaria cases reported,SH.STA.MALR,,,,,,,,,,,,,,,,,,,,,,,,,,,,,,,,,,,,,,,,,,,,,,,,,,,,,,,,,,,,
Cayman Islands,CYM,Malaria cases reported,SH.STA.MALR,,,,,,,,,,,,,,,,,,,,,,,,,,,,,,,,,,,,,,,,,,,,,,,,,,,,,,,,,,,,
Cyprus,CYP,Malaria cases reported,SH.STA.MALR,,,,,,,,,,,,,,,,,,,,,,,,,,,,,,,,,,,,,,,,,,,,,,,,,,,,,,,,,,,,
Czech Republic,CZE,Malaria cases reported,SH.STA.MALR,,,,,,,,,,,,,,,,,,,,,,,,,,,,,,,,,,,,,,,,,,,,,,,,,,,,,,,,,,,,
Germany,DEU,Malaria cases reported,SH.STA.MALR,,,,,,,,,,,,,,,,,,,,,,,,,,,,,,,,,,,,,,,,,,,,,,,,,,,,,,,,,,,,
Djibouti,DJI,Malaria cases reported,SH.STA.MALR,,,,,,,,,,,,,,,,,,,,,,,,,,,,,,,,,,,,,,,,,,,,,,,,,,,1010,,25,1684,9439,9473,13804,14671,,
Dominica,DMA,Malaria cases reported,SH.STA.MALR,,,,,,,,,,,,,,,,,,,,,,,,,,,,,,,,,,,,,,,,,,,,,,,,,,,,,,,,,,,,
Denmark,DNK,Malaria cases reported,SH.STA.MALR,,,,,,,,,,,,,,,,,,,,,,,,,,,,,,,,,,,,,,,,,,,,,,,,,,,,,,,,,,,,
Dominican Republic,DOM,Malaria cases reported,SH.STA.MALR,,,,,,,,,,,,,,,,,,,,,,,,,,,,,,,,,,,,,,,,,1233,,,,,,,,,,3414,1616,952,579,496,661,755,398,,
Algeria,DZA,Malaria cases reported,SH.STA.MALR,,,,,,,,,,,,,,,,,,,,,,,,,,,,,,,,,,,,,,,,,541,,,,,,,,,,408,191,887,603,266,747,432,453,,
East Asia & Pacific (excluding high income),EAP,Malaria cases reported,SH.STA.MALR,,,,,,,,,,,,,,,,,,,,,,,,,,,,,,,,,,,,,,,,,,,,,,,,,,,,,,,,,,,,
Early-demographic dividend,EAR,Malaria cases reported,SH.STA.MALR,,,,,,,,,,,,,,,,,,,,,,,,,,,,,,,,,,,,,,,,,,,,,,,,,,,,,,,,,,,,
East Asia & Pacific,EAS,Malaria cases reported,SH.STA.MALR,,,,,,,,,,,,,,,,,,,,,,,,,,,,,,,,,,,,,,,,,,,,,,,,,,,,,,,,,,,,
Europe & Central Asia (excluding high income),ECA,Malaria cases reported,SH.STA.MALR,,,,,,,,,,,,,,,,,,,,,,,,,,,,,,,,,,,,,,,,,,,,,,,,,,,,,,,,,,,,
Europe & Central Asia,ECS,Malaria cases reported,SH.STA.MALR,,,,,,,,,,,,,,,,,,,,,,,,,,,,,,,,,,,,,,,,,,,,,,,,,,,,,,,,,,,,
Ecuador,ECU,Malaria cases reported,SH.STA.MALR,,,,,,,,,,,,,,,,,,,,,,,,,,,,,,,,,,,,,,,,,104528,,,,,,,,,,1888,1233,558,378,242,686,1424,1380,,
"Egypt, Arab Rep.",EGY,Malaria cases reported,SH.STA.MALR,,,,,,,,,,,,,,,,,,,,,,,,,,,,,,,,,,,,,,,,,17,,,,,,,,,,85,116,206,262,313,291,233,305,,
Euro area,EMU,Malaria cases reported,SH.STA.MALR,,,,,,,,,,,,,,,,,,,,,,,,,,,,,,,,,,,,,,,,,,,,,,,,,,,,,,,,,,,,
Eritrea,ERI,Malaria cases reported,SH.STA.MALR,,,,,,,,,,,,,,,,,,,,,,,,,,,,,,,,,,,,,,,,,,,,,,,,,,,35982,34848,21815,21317,30768,19372,24251,31486,,
Spain,ESP,Malaria cases reported,SH.STA.MALR,,,,,,,,,,,,,,,,,,,,,,,,,,,,,,,,,,,,,,,,,,,,,,,,,,,,,,,,,,,,
Estonia,EST,Malaria cases reported,SH.STA.MALR,,,,,,,,,,,,,,,,,,,,,,,,,,,,,,,,,,,,,,,,,,,,,,,,,,,,,,,,,,,,
Ethiopia,ETH,Malaria cases reported,SH.STA.MALR,,,,,,,,,,,,,,,,,,,,,,,,,,,,,,,,,,,,,,,,,,,,,,,,,,,1158197,1480306,1692578,2645454,2118815,1867059,1718504,1530739,,
European Union,EUU,Malaria cases reported,SH.STA.MALR,,,,,,,,,,,,,,,,,,,,,,,,,,,,,,,,,,,,,,,,,,,,,,,,,,,,,,,,,,,,
Fragile and conflict affected situations,FCS,Malaria cases reported,SH.STA.MALR,,,,,,,,,,,,,,,,,,,,,,,,,,,,,,,,,,,,,,,,,,,,,,,,,,,,,,,,,,,,
Finland,FIN,Malaria cases reported,SH.STA.MALR,,,,,,,,,,,,,,,,,,,,,,,,,,,,,,,,,,,,,,,,,,,,,,,,,,,,,,,,,,,,
Fiji,FJI,Malaria cases reported,SH.STA.MALR,,,,,,,,,,,,,,,,,,,,,,,,,,,,,,,,,,,,,,,,,,,,,,,,,,,,,,,,,,,,
France,FRA,Malaria cases reported,SH.STA.MALR,,,,,,,,,,,,,,,,,,,,,,,,,,,,,,,,,,,,,,,,,,,,,,,,,,,,,,,,,,,,
Faroe Islands,FRO,Malaria cases reported,SH.STA.MALR,,,,,,,,,,,,,,,,,,,,,,,,,,,,,,,,,,,,,,,,,,,,,,,,,,,,,,,,,,,,
"Micronesia, Fed. Sts.",FSM,Malaria cases reported,SH.STA.MALR,,,,,,,,,,,,,,,,,,,,,,,,,,,,,,,,,,,,,,,,,,,,,,,,,,,,,,,,,,,,
Gabon,GAB,Malaria cases reported,SH.STA.MALR,,,,,,,,,,,,,,,,,,,,,,,,,,,,,,,,,,,,,,,,,50810,,,,,,,,,,13936,,19753,28982,31900,23867,23915,35244,,
United Kingdom,GBR,Malaria cases reported,SH.STA.MALR,,,,,,,,,,,,,,,,,,,,,,,,,,,,,,,,,,,,,,,,,,,,,,,,,,,,,,,,,,,,
Georgia,GEO,Malaria cases reported,SH.STA.MALR,,,,,,,,,,,,,,,,,,,,,,,,,,,,,,,,,,,,,,,,,245,,,,,,,,,,0,6,5,7,6,5,7,8,,
Ghana,GHA,Malaria cases reported,SH.STA.MALR,,,,,,,,,,,,,,,,,,,,,,,,,,,,,,,,,,,,,,,,,,,,,,,,,,,1071637,1041260,3755166,1639451,3415912,4319919,4535167,4375939,,
Gibraltar,GIB,Malaria cases reported,SH.STA.MALR,,,,,,,,,,,,,,,,,,,,,,,,,,,,,,,,,,,,,,,,,,,,,,,,,,,,,,,,,,,,
Guinea,GIN,Malaria cases reported,SH.STA.MALR,,,,,,,,,,,,,,,,,,,,,,,,,,,,,,,,,,,,,,,,,4800,,,,,,,,,,20936,95574,317200,211257,660207,810979,992146,1335323,,
"Gambia, The",GMB,Malaria cases reported,SH.STA.MALR,,,,,,,,,,,,,,,,,,,,,,,,,,,,,,,,,,,,,,,,,,,,,,,,,,,116353,261967,300363,240792,166229,240382,153774,69931,,
Guinea-Bissau,GNB,Malaria cases reported,SH.STA.MALR,,,,,,,,,,,,,,,,,,,,,,,,,,,,,,,,,,,,,,,,,,,,,,,,,,,50391,71982,50381,54584,93431,142309,150903,143554,,
Equatorial Guinea,GNQ,Malaria cases reported,SH.STA.MALR,,,,,,,,,,,,,,,,,,,,,,,,,,,,,,,,,,,,,,,,,,,,,,,,,,,53813,22466,15169,13129,20417,15142,147714,15725,,
Greece,GRC,Malaria cases reported,SH.STA.MALR,,,,,,,,,,,,,,,,,,,,,,,,,,,,,,,,,,,,,,,,,,,,,,,,,,,,,,,,,,,,
Grenada,GRD,Malaria cases reported,SH.STA.MALR,,,,,,,,,,,,,,,,,,,,,,,,,,,,,,,,,,,,,,,,,,,,,,,,,,,,,,,,,,,,
Greenland,GRL,Malaria cases reported,SH.STA.MALR,,,,,,,,,,,,,,,,,,,,,,,,,,,,,,,,,,,,,,,,,,,,,,,,,,,,,,,,,,,,
Guatemala,GTM,Malaria cases reported,SH.STA.MALR,,,,,,,,,,,,,,,,,,,,,,,,,,,,,,,,,,,,,,,,,53311,,,,,,,,,,7384,6817,5346,6214,4931,6836,4854,3744,,
Guam,GUM,Malaria cases reported,SH.STA.MALR,,,,,,,,,,,,,,,,,,,,,,,,,,,,,,,,,,,,,,,,,,,,,,,,,,,,,,,,,,,,
Guyana,GUY,Malaria cases reported,SH.STA.MALR,,,,,,,,,,,,,,,,,,,,,,,,,,,,,,,,,,,,,,,,,24018,,,,,,,,,,22935,29506,31656,31479,12354,9984,12367,13936,,
High income,HIC,Malaria cases reported,SH.STA.MALR,,,,,,,,,,,,,,,,,,,,,,,,,,,,,,,,,,,,,,,,,,,,,,,,,,,,,,,,,,,,
"Hong Kong SAR, China",HKG,Malaria cases reported,SH.STA.MALR,,,,,,,,,,,,,,,,,,,,,,,,,,,,,,,,,,,,,,,,,,,,,,,,,,,,,,,,,,,,
Honduras,HND,Malaria cases reported,SH.STA.MALR,,,,,,,,,,,,,,,,,,,,,,,,,,,,,,,,,,,,,,,,,35125,,,,,,,,,,9685,7510,6449,5428,3482,3575,4096,1286,,
Heavily indebted poor countries (HIPC),HPC,Malaria cases reported,SH.STA.MALR,,,,,,,,,,,,,,,,,,,,,,,,,,,,,,,,,,,,,,,,,,,,,,,,,,,,,,,,,,,,
Croatia,HRV,Malaria cases reported,SH.STA.MALR,,,,,,,,,,,,,,,,,,,,,,,,,,,,,,,,,,,,,,,,,,,,,,,,,,,,,,,,,,,,
Haiti,HTI,Malaria cases reported,SH.STA.MALR,,,,,,,,,,,,,,,,,,,,,,,,,,,,,,,,,,,,,,,,,16897,,,,,,,,,,84153,32969,25423,20957,17696,17583,21998,18843,,
Hungary,HUN,Malaria cases reported,SH.STA.MALR,,,,,,,,,,,,,,,,,,,,,,,,,,,,,,,,,,,,,,,,,,,,,,,,,,,,,,,,,,,,
Indonesia,IDN,Malaria cases reported,SH.STA.MALR,,,,,,,,,,,,,,,,,,,,,,,,,,,,,,,,,,,,,,,,,245612,,,,,,,,,,465764,422447,417819,343527,252027,217025,218450,261617,,
Isle of Man,IMN,Malaria cases reported,SH.STA.MALR,,,,,,,,,,,,,,,,,,,,,,,,,,,,,,,,,,,,,,,,,,,,,,,,,,,,,,,,,,,,
India,IND,Malaria cases reported,SH.STA.MALR,,,,,,,,,,,,,,,,,,,,,,,,,,,,,,,,,,,,,,,,,2031790,,,,,,,,,,1599986,1310656,1067824,881730,1102205,1169261,1087285,844558,,
Not classified,INX,Malaria cases reported,SH.STA.MALR,,,,,,,,,,,,,,,,,,,,,,,,,,,,,,,,,,,,,,,,,,,,,,,,,,,,,,,,,,,,
Ireland,IRL,Malaria cases reported,SH.STA.MALR,,,,,,,,,,,,,,,,,,,,,,,,,,,,,,,,,,,,,,,,,,,,,,,,,,,,,,,,,,,,
"Iran, Islamic Rep.",IRN,Malaria cases reported,SH.STA.MALR,,,,,,,,,,,,,,,,,,,,,,,,,,,,,,,,,,,,,,,,,19716,,,,,,,,,,3031,3239,1629,1373,1243,799,705,939,,
Iraq,IRQ,Malaria cases reported,SH.STA.MALR,,,,,,,,,,,,,,,,,,,,,,,,,,,,,,,,,,,,,,,,,1860,,,,,,,,,,7,11,8,8,2,2,5,9,,
Iceland,ISL,Malaria cases reported,SH.STA.MALR,,,,,,,,,,,,,,,,,,,,,,,,,,,,,,,,,,,,,,,,,,,,,,,,,,,,,,,,,,,,
Israel,ISR,Malaria cases reported,SH.STA.MALR,,,,,,,,,,,,,,,,,,,,,,,,,,,,,,,,,,,,,,,,,,,,,,,,,,,,,,,,,,,,
Italy,ITA,Malaria cases reported,SH.STA.MALR,,,,,,,,,,,,,,,,,,,,,,,,,,,,,,,,,,,,,,,,,,,,,,,,,,,,,,,,,,,,
Jamaica,JAM,Malaria cases reported,SH.STA.MALR,,,,,,,,,,,,,,,,,,,,,,,,,,,,,,,,,,,,,,,,,,,,,,,,,,,,,,,,,,,,
Jordan,JOR,Malaria cases reported,SH.STA.MALR,,,,,,,,,,,,,,,,,,,,,,,,,,,,,,,,,,,,,,,,,,,,,,,,,,,,,,,,,,,,
Japan,JPN,Malaria cases reported,SH.STA.MALR,,,,,,,,,,,,,,,,,,,,,,,,,,,,,,,,,,,,,,,,,,,,,,,,,,,,,,,,,,,,
Kazakhstan,KAZ,Malaria cases reported,SH.STA.MALR,,,,,,,,,,,,,,,,,,,,,,,,,,,,,,,,,,,,,,,,,,,,,,,,,,,,,,,,2,4,3,,
Kenya,KEN,Malaria cases reported,SH.STA.MALR,,,,,,,,,,,,,,,,,,,,,,,,,,,,,,,,,,,,,,,,,,,,,,,,,,,898531,1002805,1453471,2335286,2808931,1499027,2783846,3215116,,
Kyrgyz Republic,KGZ,Malaria cases reported,SH.STA.MALR,,,,,,,,,,,,,,,,,,,,,,,,,,,,,,,,,,,,,,,,,12,,,,,,,,,,6,5,3,4,0,1,6,2,,
Cambodia,KHM,Malaria cases reported,SH.STA.MALR,,,,,,,,,,,,,,,,,,,,,,,,,,,,,,,,,,,,,,,,,62442,,,,,,,,,,49356,57423,40476,21309,25152,33930,23492,36932,,
Kiribati,KIR,Malaria cases reported,SH.STA.MALR,,,,,,,,,,,,,,,,,,,,,,,,,,,,,,,,,,,,,,,,,,,,,,,,,,,,,,,,,,,,
St. Kitts and Nevis,KNA,Malaria cases reported,SH.STA.MALR,,,,,,,,,,,,,,,,,,,,,,,,,,,,,,,,,,,,,,,,,,,,,,,,,,,,,,,,,,,,
"Korea, Rep.",KOR,Malaria cases reported,SH.STA.MALR,,,,,,,,,,,,,,,,,,,,,,,,,,,,,,,,,,,,,,,,,4183,,,,,,,,,,1772,838,555,443,638,699,219,143,,
Kuwait,KWT,Malaria cases reported,SH.STA.MALR,,,,,,,,,,,,,,,,,,,,,,,,,,,,,,,,,,,,,,,,,,,,,,,,,,,,,,,,,,,,
Latin America & Caribbean (excluding high income),LAC,Malaria cases reported,SH.STA.MALR,,,,,,,,,,,,,,,,,,,,,,,,,,,,,,,,,,,,,,,,,,,,,,,,,,,,,,,,,,,,
Lao PDR,LAO,Malaria cases reported,SH.STA.MALR,,,,,,,,,,,,,,,,,,,,,,,,,,,,,,,,,,,,,,,,,40106,,,,,,,,,,20800,17532,46202,38131,48071,36056,11223,9328,,
Lebanon,LBN,Malaria cases reported,SH.STA.MALR,,,,,,,,,,,,,,,,,,,,,,,,,,,,,,,,,,,,,,,,,,,,,,,,,,,,,,,,,,,,
Liberia,LBR,Malaria cases reported,SH.STA.MALR,,,,,,,,,,,,,,,,,,,,,,,,,,,,,,,,,,,,,,,,,,,,,,,,,,,922173,1915762,1407455,1244220,864204,931086,1191137,1070113,,
Libya,LBY,Malaria cases reported,SH.STA.MALR,,,,,,,,,,,,,,,,,,,,,,,,,,,,,,,,,,,,,,,,,,,,,,,,,,,,,,,,,,,,
St. Lucia,LCA,Malaria cases reported,SH.STA.MALR,,,,,,,,,,,,,,,,,,,,,,,,,,,,,,,,,,,,,,,,,,,,,,,,,,,,,,,,,,,,
Latin America & Caribbean,LCN,Malaria cases reported,SH.STA.MALR,,,,,,,,,,,,,,,,,,,,,,,,,,,,,,,,,,,,,,,,,,,,,,,,,,,,,,,,,,,,
Least developed countries: UN classification,LDC,Malaria cases reported,SH.STA.MALR,,,,,,,,,,,,,,,,,,,,,,,,,,,,,,,,,,,,,,,,,,,,,,,,,,,,,,,,,,,,
Low income,LIC,Malaria cases reported,SH.STA.MALR,,,,,,,,,,,,,,,,,,,,,,,,,,,,,,,,,,,,,,,,,,,,,,,,,,,,,,,,,,,,
Liechtenstein,LIE,Malaria cases reported,SH.STA.MALR,,,,,,,,,,,,,,,,,,,,,,,,,,,,,,,,,,,,,,,,,,,,,,,,,,,,,,,,,,,,
Sri Lanka,LKA,Malaria cases reported,SH.STA.MALR,,,,,,,,,,,,,,,,,,,,,,,,,,,,,,,,,,,,,,,,,210039,,,,,,,,,,736,175,93,95,49,22,1,38,,
Lower middle income,LMC,Malaria cases reported,SH.STA.MALR,,,,,,,,,,,,,,,,,,,,,,,,,,,,,,,,,,,,,,,,,,,,,,,,,,,,,,,,,,,,
Low & middle income,LMY,Malaria cases reported,SH.STA.MALR,,,,,,,,,,,,,,,,,,,,,,,,,,,,,,,,,,,,,,,,,,,,,,,,,,,,,,,,,,,,
Lesotho,LSO,Malaria cases reported,SH.STA.MALR,,,,,,,,,,,,,,,,,,,,,,,,,,,,,,,,,,,,,,,,,,,,,,,,,,,,,,,,,,,,
Late-demographic dividend,LTE,Malaria cases reported,SH.STA.MALR,,,,,,,,,,,,,,,,,,,,,,,,,,,,,,,,,,,,,,,,,,,,,,,,,,,,,,,,,,,,
Lithuania,LTU,Malaria cases reported,SH.STA.MALR,,,,,,,,,,,,,,,,,,,,,,,,,,,,,,,,,,,,,,,,,,,,,,,,,,,,,,,,,,,,
Luxembourg,LUX,Malaria cases reported,SH.STA.MALR,,,,,,,,,,,,,,,,,,,,,,,,,,,,,,,,,,,,,,,,,,,,,,,,,,,,,,,,,,,,
Latvia,LVA,Malaria cases reported,SH.STA.MALR,,,,,,,,,,,,,,,,,,,,,,,,,,,,,,,,,,,,,,,,,,,,,,,,,,,,,,,,,,,,
"Macao SAR, China",MAC,Malaria cases reported,SH.STA.MALR,,,,,,,,,,,,,,,,,,,,,,,,,,,,,,,,,,,,,,,,,,,,,,,,,,,,,,,,,,,,
St. Martin (French part),MAF,Malaria cases reported,SH.STA.MALR,,,,,,,,,,,,,,,,,,,,,,,,,,,,,,,,,,,,,,,,,,,,,,,,,,,,,,,,,,,,
Morocco,MAR,Malaria cases reported,SH.STA.MALR,,,,,,,,,,,,,,,,,,,,,,,,,,,,,,,,,,,,,,,,,59,,,,,,,,,,218,312,364,314,493,510,409,496,,
Monaco,MCO,Malaria cases reported,SH.STA.MALR,,,,,,,,,,,,,,,,,,,,,,,,,,,,,,,,,,,,,,,,,,,,,,,,,,,,,,,,,,,,
Moldova,MDA,Malaria cases reported,SH.STA.MALR,,,,,,,,,,,,,,,,,,,,,,,,,,,,,,,,,,,,,,,,,,,,,,,,,,,,,,,,,,,,
Madagascar,MDG,Malaria cases reported,SH.STA.MALR,,,,,,,,,,,,,,,,,,,,,,,,,,,,,,,,,,,,,,,,,6946,,,,,,,,,,202450,224498,359420,385598,377963,744103,475333,800661,,
Maldives,MDV,Malaria cases reported,SH.STA.MALR,,,,,,,,,,,,,,,,,,,,,,,,,,,,,,,,,,,,,,,,,,,,,,,,,,,,,,,,,,,,
Middle East & North Africa,MEA,Malaria cases reported,SH.STA.MALR,,,,,,,,,,,,,,,,,,,,,,,,,,,,,,,,,,,,,,,,,,,,,,,,,,,,,,,,,,,,
Mexico,MEX,Malaria cases reported,SH.STA.MALR,,,,,,,,,,,,,,,,,,,,,,,,,,,,,,,,,,,,,,,,,7390,,,,,,,,,,1226,1130,842,499,664,551,596,765,,
Marshall Islands,MHL,Malaria cases reported,SH.STA.MALR,,,,,,,,,,,,,,,,,,,,,,,,,,,,,,,,,,,,,,,,,,,,,,,,,,,,,,,,,,,,
Middle income,MIC,Malaria cases reported,SH.STA.MALR,,,,,,,,,,,,,,,,,,,,,,,,,,,,,,,,,,,,,,,,,,,,,,,,,,,,,,,,,,,,
North Macedonia,MKD,Malaria cases reported,SH.STA.MALR,,,,,,,,,,,,,,,,,,,,,,,,,,,,,,,,,,,,,,,,,,,,,,,,,,,,,,,,,,,,
Mali,MLI,Malaria cases reported,SH.STA.MALR,,,,,,,,,,,,,,,,,,,,,,,,,,,,,,,,,,,,,,,,,,,,,,,,,,,227482,307035,886482,1367218,2039853,2295611,2156282,2097797,,
Malta,MLT,Malaria cases reported,SH.STA.MALR,,,,,,,,,,,,,,,,,,,,,,,,,,,,,,,,,,,,,,,,,,,,,,,,,,,,,,,,,,,,
Myanmar,MMR,Malaria cases reported,SH.STA.MALR,,,,,,,,,,,,,,,,,,,,,,,,,,,,,,,,,,,,,,,,,120083,,,,,,,,,,420808,465294,480586,333871,205658,182768,110146,19619,,
Middle East & North Africa (excluding high income),MNA,Malaria cases reported,SH.STA.MALR,,,,,,,,,,,,,,,,,,,,,,,,,,,,,,,,,,,,,,,,,,,,,,,,,,,,,,,,,,,,
Montenegro,MNE,Malaria cases reported,SH.STA.MALR,,,,,,,,,,,,,,,,,,,,,,,,,,,,,,,,,,,,,,,,,,,,,,,,,,,,,,,,,,,,
Mongolia,MNG,Malaria cases reported,SH.STA.MALR,,,,,,,,,,,,,,,,,,,,,,,,,,,,,,,,,,,,,,,,,,,,,,,,,,,,,,,,,,,,
Northern Mariana Islands,MNP,Malaria cases reported,SH.STA.MALR,,,,,,,,,,,,,,,,,,,,,,,,,,,,,,,,,,,,,,,,,,,,,,,,,,,,,,,,,,,,
Mozambique,MOZ,Malaria cases reported,SH.STA.MALR,,,,,,,,,,,,,,,,,,,,,,,,,,,,,,,,,,,,,,,,,,,,,,,,,,,1522577,1756874,1813984,2998874,7117648,7718782,8520376,8921081,,
Mauritania,MRT,Malaria cases reported,SH.STA.MALR,,,,,,,,,,,,,,,,,,,,,,,,,,,,,,,,,,,,,,,,,,,,,,,,,,,1994,2926,1888,1587,15835,22631,29156,20105,,
Mauritius,MUS,Malaria cases reported,SH.STA.MALR,,,,,,,,,,,,,,,,,,,,,,,,,,,,,,,,,,,,,,,,,,,,,,,,,,,,,,,,,,,,
Malawi,MWI,Malaria cases reported,SH.STA.MALR,,,,,,,,,,,,,,,,,,,,,,,,,,,,,,,,,,,,,,,,,,,,,,,,,,,,304499,1564984,1280892,2905310,3661238,4827373,4947443,,
Malaysia,MYS,Malaria cases reported,SH.STA.MALR,,,,,,,,,,,,,,,,,,,,,,,,,,,,,,,,,,,,,,,,,12705,,,,,,,,,,6650,5306,4725,3850,3923,2311,2302,4114,,
North America,NAC,Malaria cases reported,SH.STA.MALR,,,,,,,,,,,,,,,,,,,,,,,,,,,,,,,,,,,,,,,,,,,,,,,,,,,,,,,,,,,,
Namibia,NAM,Malaria cases reported,SH.STA.MALR,,,,,,,,,,,,,,,,,,,,,,,,,,,,,,,,,,,,,,,,,,,,,,,,,,,556,1860,194,4911,15914,12168,25198,66505,,
New Caledonia,NCL,Malaria cases reported,SH.STA.MALR,,,,,,,,,,,,,,,,,,,,,,,,,,,,,,,,,,,,,,,,,,,,,,,,,,,,,,,,,,,,
Niger,NER,Malaria cases reported,SH.STA.MALR,,,,,,,,,,,,,,,,,,,,,,,,,,,,,,,,,,,,,,,,,,,,,,,,,,,620058,780876,2239858,2353422,1953309,2272000,4148167,2638580,,
Nigeria,NGA,Malaria cases reported,SH.STA.MALR,,,,,,,,,,,,,,,,,,,,,,,,,,,,,,,,,,,,,,,,,,,,,,,,,,,551187,,,,7826954,6818842,9234387,11571958,,
Nicaragua,NIC,Malaria cases reported,SH.STA.MALR,,,,,,,,,,,,,,,,,,,,,,,,,,,,,,,,,,,,,,,,,23878,,,,,,,,,,692,925,1235,1196,1163,2307,6284,10949,,
Netherlands,NLD,Malaria cases reported,SH.STA.MALR,,,,,,,,,,,,,,,,,,,,,,,,,,,,,,,,,,,,,,,,,,,,,,,,,,,,,,,,,,,,
Norway,NOR,Malaria cases reported,SH.STA.MALR,,,,,,,,,,,,,,,,,,,,,,,,,,,,,,,,,,,,,,,,,,,,,,,,,,,,,,,,,,,,
Nepal,NPL,Malaria cases reported,SH.STA.MALR,,,,,,,,,,,,,,,,,,,,,,,,,,,,,,,,,,,,,,,,,7981,,,,,,,,,,3894,3414,2092,1974,1469,1837,1009,1622,,
Nauru,NRU,Malaria cases reported,SH.STA.MALR,,,,,,,,,,,,,,,,,,,,,,,,,,,,,,,,,,,,,,,,,,,,,,,,,,,,,,,,,,,,
New Zealand,NZL,Malaria cases reported,SH.STA.MALR,,,,,,,,,,,,,,,,,,,,,,,,,,,,,,,,,,,,,,,,,,,,,,,,,,,,,,,,,,,,
OECD members,OED,Malaria cases reported,SH.STA.MALR,,,,,,,,,,,,,,,,,,,,,,,,,,,,,,,,,,,,,,,,,,,,,,,,,,,,,,,,,,,,
Oman,OMN,Malaria cases reported,SH.STA.MALR,,,,,,,,,,,,,,,,,,,,,,,,,,,,,,,,,,,,,,,,,694,,,,,,,,,,1193,1531,2051,1451,1001,822,807,1078,,
Other small states,OSS,Malaria cases reported,SH.STA.MALR,,,,,,,,,,,,,,,,,,,,,,,,,,,,,,,,,,,,,,,,,,,,,,,,,,,,,,,,,,,,
Pakistan,PAK,Malaria cases reported,SH.STA.MALR,,,,,,,,,,,,,,,,,,,,,,,,,,,,,,,,,,,,,,,,,82526,,,,,,,,,,240591,334589,290781,281755,275149,202013,318449,350467,,
Panama,PAN,Malaria cases reported,SH.STA.MALR,,,,,,,,,,,,,,,,,,,,,,,,,,,,,,,,,,,,,,,,,1036,,,,,,,,,,418,354,844,705,874,562,811,689,,
Peru,PER,Malaria cases reported,SH.STA.MALR,,,,,,,,,,,,,,,,,,,,,,,,,,,,,,,,,,,,,,,,,68321,,,,,,,,,,31546,25039,31436,48719,65252,61865,56623,57692,,
Philippines,PHL,Malaria cases reported,SH.STA.MALR,,,,,,,,,,,,,,,,,,,,,,,,,,,,,,,,,,,,,,,,,36596,,,,,,,,,,18560,9552,7133,6514,4903,8266,6680,3827,,
Palau,PLW,Malaria cases reported,SH.STA.MALR,,,,,,,,,,,,,,,,,,,,,,,,,,,,,,,,,,,,,,,,,,,,,,,,,,,,,,,,,,,,
Papua New Guinea,PNG,Malaria cases reported,SH.STA.MALR,,,,,,,,,,,,,,,,,,,,,,,,,,,,,,,,,,,,,,,,,79839,,,,,,,,,,93956,84060,150195,279994,281182,297787,478497,478340,,
Poland,POL,Malaria cases reported,SH.STA.MALR,,,,,,,,,,,,,,,,,,,,,,,,,,,,,,,,,,,,,,,,,,,,,,,,,,,,,,,,,,,,
Pre-demographic dividend,PRE,Malaria cases reported,SH.STA.MALR,,,,,,,,,,,,,,,,,,,,,,,,,,,,,,,,,,,,,,,,,,,,,,,,,,,,,,,,,,,,
Puerto Rico,PRI,Malaria cases reported,SH.STA.MALR,,,,,,,,,,,,,,,,,,,,,,,,,,,,,,,,,,,,,,,,,,,,,,,,,,,,,,,,,,,,
"Korea, Dem. People’s Rep.",PRK,Malaria cases reported,SH.STA.MALR,,,,,,,,,,,,,,,,,,,,,,,,,,,,,,,,,,,,,,,,,90582,,,,,,,,,,13520,16760,21850,14407,10535,7022,5033,4603,,
Portugal,PRT,Malaria cases reported,SH.STA.MALR,,,,,,,,,,,,,,,,,,,,,,,,,,,,,,,,,,,,,,,,,,,,,,,,,,,,,,,,,,,,
Paraguay,PRY,Malaria cases reported,SH.STA.MALR,,,,,,,,,,,,,,,,,,,,,,,,,,,,,,,,,,,,,,,,,6853,,,,,,,,,,27,10,15,11,8,8,11,5,,
West Bank and Gaza,PSE,Malaria cases reported,SH.STA.MALR,,,,,,,,,,,,,,,,,,,,,,,,,,,,,,,,,,,,,,,,,,,,,,,,,,,,,,,,,,,,
Pacific island small states,PSS,Malaria cases reported,SH.STA.MALR,,,,,,,,,,,,,,,,,,,,,,,,,,,,,,,,,,,,,,,,,,,,,,,,,,,,,,,,,,,,
Post-demographic dividend,PST,Malaria cases reported,SH.STA.MALR,,,,,,,,,,,,,,,,,,,,,,,,,,,,,,,,,,,,,,,,,,,,,,,,,,,,,,,,,,,,
French Polynesia,PYF,Malaria cases reported,SH.STA.MALR,,,,,,,,,,,,,,,,,,,,,,,,,,,,,,,,,,,,,,,,,,,,,,,,,,,,,,,,,,,,
Qatar,QAT,Malaria cases reported,SH.STA.MALR,,,,,,,,,,,,,,,,,,,,,,,,,,,,,,,,,,,,,,,,,,,,,,,,,,,,,,,,,,,,
Romania,ROU,Malaria cases reported,SH.STA.MALR,,,,,,,,,,,,,,,,,,,,,,,,,,,,,,,,,,,,,,,,,,,,,,,,,,,,,,,,,,,,
Russian Federation,RUS,Malaria cases reported,SH.STA.MALR,,,,,,,,,,,,,,,,,,,,,,,,,,,,,,,,,,,,,,,,,,,,,,,,,,,,,,,,,,,,
Rwanda,RWA,Malaria cases reported,SH.STA.MALR,,,,,,,,,,,,,,,,,,,,,,,,,,,,,,,,,,,,,,,,,,,,,,,,,,,638669,208858,483470,962618,1610812,2505794,3380568,3403183,,
South Asia,SAS,Malaria cases reported,SH.STA.MALR,,,,,,,,,,,,,,,,,,,,,,,,,,,,,,,,,,,,,,,,,,,,,,,,,,,,,,,,,,,,
Saudi Arabia,SAU,Malaria cases reported,SH.STA.MALR,,,,,,,,,,,,,,,,,,,,,,,,,,,,,,,,,,,,,,,,,6608,,,,,,,,,,1941,2788,3406,2513,2305,2620,5382,3151,,
Sudan,SDN,Malaria cases reported,SH.STA.MALR,,,,,,,,,,,,,,,,,,,,,,,,,,,,,,,,,,,,,,,,,368557,,,,,,,,,,720557,506806,526931,592383,1068506,586827,575015,715526,,
Senegal,SEN,Malaria cases reported,SH.STA.MALR,,,,,,,,,,,,,,,,,,,,,,,,,,,,,,,,,,,,,,,,,44959,,,,,,,,,,343670,277326,281080,345889,265624,492253,349540,395706,,
Singapore,SGP,Malaria cases reported,SH.STA.MALR,,,,,,,,,,,,,,,,,,,,,,,,,,,,,,,,,,,,,,,,,,,,,,,,,,,,,,,,,,,,
Solomon Islands,SLB,Malaria cases reported,SH.STA.MALR,,,,,,,,,,,,,,,,,,,,,,,,,,,,,,,,,,,,,,,,,68107,,,,,,,,,,39704,26657,24383,25609,18404,23998,54431,52483,,
Sierra Leone,SLE,Malaria cases reported,SH.STA.MALR,,,,,,,,,,,,,,,,,,,,,,,,,,,,,,,,,,,,,,,,,,,,,,,,,,,934028,638859,1537322,1701958,1374476,1483376,1775306,1651236,,
El Salvador,SLV,Malaria cases reported,SH.STA.MALR,,,,,,,,,,,,,,,,,,,,,,,,,,,,,,,,,,,,,,,,,753,,,,,,,,,,24,16,19,7,8,9,14,4,,
San Marino,SMR,Malaria cases reported,SH.STA.MALR,,,,,,,,,,,,,,,,,,,,,,,,,,,,,,,,,,,,,,,,,,,,,,,,,,,,,,,,,,,,
Somalia,SOM,Malaria cases reported,SH.STA.MALR,,,,,,,,,,,,,,,,,,,,,,,,,,,,,,,,,,,,,,,,,,,,,,,,,,,24553,3351,6817,7407,11001,20953,35628,35138,,
Serbia,SRB,Malaria cases reported,SH.STA.MALR,,,,,,,,,,,,,,,,,,,,,,,,,,,,,,,,,,,,,,,,,,,,,,,,,,,,,,,,,,,,
Sub-Saharan Africa (excluding high income),SSA,Malaria cases reported,SH.STA.MALR,,,,,,,,,,,,,,,,,,,,,,,,,,,,,,,,,,,,,,,,,,,,,,,,,,,,,,,,,,,,
South Sudan,SSD,Malaria cases reported,SH.STA.MALR,,,,,,,,,,,,,,,,,,,,,,,,,,,,,,,,,,,,,,,,,,,,,,,,,,,900283,112024,225371,262520,71377,24371,7619,1488005,,
Sub-Saharan Africa,SSF,Malaria cases reported,SH.STA.MALR,,,,,,,,,,,,,,,,,,,,,,,,,,,,,,,,,,,,,,,,,,,,,,,,,,,,,,,,,,,,
Small states,SST,Malaria cases reported,SH.STA.MALR,,,,,,,,,,,,,,,,,,,,,,,,,,,,,,,,,,,,,,,,,,,,,,,,,,,,,,,,,,,,
Sao Tome and Principe,STP,Malaria cases reported,SH.STA.MALR,,,,,,,,,,,,,,,,,,,,,,,,,,,,,,,,,,,,,,,,,31975,,,,,,,,,,2740,8442,12550,9243,1754,2058,2238,2241,,
Suriname,SUR,Malaria cases reported,SH.STA.MALR,,,,,,,,,,,,,,,,,,,,,,,,,,,,,,,,,,,,,,,,,11361,,,,,,,,,,1712,771,356,729,401,376,327,551,,
Slovak Republic,SVK,Malaria cases reported,SH.STA.MALR,,,,,,,,,,,,,,,,,,,,,,,,,,,,,,,,,,,,,,,,,,,,,,,,,,,,,,,,,,,,
Slovenia,SVN,Malaria cases reported,SH.STA.MALR,,,,,,,,,,,,,,,,,,,,,,,,,,,,,,,,,,,,,,,,,,,,,,,,,,,,,,,,,,,,
Sweden,SWE,Malaria cases reported,SH.STA.MALR,,,,,,,,,,,,,,,,,,,,,,,,,,,,,,,,,,,,,,,,,,,,,,,,,,,,,,,,,,,,
Eswatini,SWZ,Malaria cases reported,SH.STA.MALR,,,,,,,,,,,,,,,,,,,,,,,,,,,,,,,,,,,,,,,,,,,,,,,,,,,268,549,562,962,711,195,350,1127,,
Sint Maarten (Dutch part),SXM,Malaria cases reported,SH.STA.MALR,,,,,,,,,,,,,,,,,,,,,,,,,,,,,,,,,,,,,,,,,,,,,,,,,,,,,,,,,,,,
Seychelles,SYC,Malaria cases reported,SH.STA.MALR,,,,,,,,,,,,,,,,,,,,,,,,,,,,,,,,,,,,,,,,,,,,,,,,,,,,,,,,,,,,
Syrian Arab Republic,SYR,Malaria cases reported,SH.STA.MALR,,,,,,,,,,,,,,,,,,,,,,,,,,,,,,,,,,,,,,,,,42,,,,,,,,,,23,48,42,22,21,12,12,50,,
Turks and Caicos Islands,TCA,Malaria cases reported,SH.STA.MALR,,,,,,,,,,,,,,,,,,,,,,,,,,,,,,,,,,,,,,,,,,,,,,,,,,,,,,,,,,,,
Chad,TCD,Malaria cases reported,SH.STA.MALR,,,,,,,,,,,,,,,,,,,,,,,,,,,,,,,,,,,,,,,,,40078,,,,,,,,,,200448,181126,7710,754565,914032,787046,1294768,1962372,,
East Asia & Pacific (IDA & IBRD countries),TEA,Malaria cases reported,SH.STA.MALR,,,,,,,,,,,,,,,,,,,,,,,,,,,,,,,,,,,,,,,,,,,,,,,,,,,,,,,,,,,,
Europe & Central Asia (IDA & IBRD countries),TEC,Malaria cases reported,SH.STA.MALR,,,,,,,,,,,,,,,,,,,,,,,,,,,,,,,,,,,,,,,,,,,,,,,,,,,,,,,,,,,,
Togo,TGO,Malaria cases reported,SH.STA.MALR,,,,,,,,,,,,,,,,,,,,,,,,,,,,,,,,,,,,,,,,,,,,,,,,,,,617101,519450,697374,882430,1130251,1113927,1183265,1209034,,
Thailand,THA,Malaria cases reported,SH.STA.MALR,,,,,,,,,,,,,,,,,,,,,,,,,,,,,,,,,,,,,,,,,78561,,,,,,,,,,32480,24897,32569,33302,37921,14135,11522,7342,,
Tajikistan,TJK,Malaria cases reported,SH.STA.MALR,,,,,,,,,,,,,,,,,,,,,,,,,,,,,,,,,,,,,,,,,19064,,,,,,,,,,112,78,33,14,7,5,2,6,,
Turkmenistan,TKM,Malaria cases reported,SH.STA.MALR,,,,,,,,,,,,,,,,,,,,,,,,,,,,,,,,,,,,,,,,,24,,,,,,,,,,0,,,,,0,0,0,,
Latin America & the Caribbean (IDA & IBRD countries),TLA,Malaria cases reported,SH.STA.MALR,,,,,,,,,,,,,,,,,,,,,,,,,,,,,,,,,,,,,,,,,,,,,,,,,,,,,,,,,,,,
Timor-Leste,TLS,Malaria cases reported,SH.STA.MALR,,,,,,,,,,,,,,,,,,,,,,,,,,,,,,,,,,,,,,,,,15212,,,,,,,,,,48137,19739,5211,1025,342,80,94,30,,
Middle East & North Africa (IDA & IBRD countries),TMN,Malaria cases reported,SH.STA.MALR,,,,,,,,,,,,,,,,,,,,,,,,,,,,,,,,,,,,,,,,,,,,,,,,,,,,,,,,,,,,
Tonga,TON,Malaria cases reported,SH.STA.MALR,,,,,,,,,,,,,,,,,,,,,,,,,,,,,,,,,,,,,,,,,,,,,,,,,,,,,,,,,,,,
South Asia (IDA & IBRD),TSA,Malaria cases reported,SH.STA.MALR,,,,,,,,,,,,,,,,,,,,,,,,,,,,,,,,,,,,,,,,,,,,,,,,,,,,,,,,,,,,
Sub-Saharan Africa (IDA & IBRD countries),TSS,Malaria cases reported,SH.STA.MALR,,,,,,,,,,,,,,,,,,,,,,,,,,,,,,,,,,,,,,,,,,,,,,,,,,,,,,,,,,,,
Trinidad and Tobago,TTO,Malaria cases reported,SH.STA.MALR,,,,,,,,,,,,,,,,,,,,,,,,,,,,,,,,,,,,,,,,,,,,,,,,,,,,,,,,,,,,
Tunisia,TUN,Malaria cases reported,SH.STA.MALR,,,,,,,,,,,,,,,,,,,,,,,,,,,,,,,,,,,,,,,,,,,,,,,,,,,,,,,,,,,,
Turkey,TUR,Malaria cases reported,SH.STA.MALR,,,,,,,,,,,,,,,,,,,,,,,,,,,,,,,,,,,,,,,,,11432,,,,,,,,,,78,128,376,285,249,221,209,214,,
Tuvalu,TUV,Malaria cases reported,SH.STA.MALR,,,,,,,,,,,,,,,,,,,,,,,,,,,,,,,,,,,,,,,,,,,,,,,,,,,,,,,,,,,,
Tanzania,TZA,Malaria cases reported,SH.STA.MALR,,,,,,,,,,,,,,,,,,,,,,,,,,,,,,,,,,,,,,,,,,,,,,,,,,,,,,,,,,,,
Uganda,UGA,Malaria cases reported,SH.STA.MALR,,,,,,,,,,,,,,,,,,,,,,,,,,,,,,,,,,,,,,,,,,,,,,,,,,,1581160,231873,2662258,1502362,3631939,7137662,9385132,11667831,,
Ukraine,UKR,Malaria cases reported,SH.STA.MALR,,,,,,,,,,,,,,,,,,,,,,,,,,,,,,,,,,,,,,,,,,,,,,,,,,,,,,,,,,,,
Upper middle income,UMC,Malaria cases reported,SH.STA.MALR,,,,,,,,,,,,,,,,,,,,,,,,,,,,,,,,,,,,,,,,,,,,,,,,,,,,,,,,,,,,
Uruguay,URY,Malaria cases reported,SH.STA.MALR,,,,,,,,,,,,,,,,,,,,,,,,,,,,,,,,,,,,,,,,,,,,,,,,,,,,,,,,,,,,
United States,USA,Malaria cases reported,SH.STA.MALR,,,,,,,,,,,,,,,,,,,,,,,,,,,,,,,,,,,,,,,,,,,,,,,,,,,,,,,,,,,,
Uzbekistan,UZB,Malaria cases reported,SH.STA.MALR,,,,,,,,,,,,,,,,,,,,,,,,,,,,,,,,,,,,,,,,,126,,,,,,,,,,5,1,1,3,1,0,0,0,,
St. Vincent and the Grenadines,VCT,Malaria cases reported,SH.STA.MALR,,,,,,,,,,,,,,,,,,,,,,,,,,,,,,,,,,,,,,,,,,,,,,,,,,,,,,,,,,,,
"Venezuela, RB",VEN,Malaria cases reported,SH.STA.MALR,,,,,,,,,,,,,,,,,,,,,,,,,,,,,,,,,,,,,,,,,29736,,,,,,,,,,45155,45824,52803,78643,91918,137996,242561,411586,,
British Virgin Islands,VGB,Malaria cases reported,SH.STA.MALR,,,,,,,,,,,,,,,,,,,,,,,,,,,,,,,,,,,,,,,,,,,,,,,,,,,,,,,,,,,,
Virgin Islands (U.S.),VIR,Malaria cases reported,SH.STA.MALR,,,,,,,,,,,,,,,,,,,,,,,,,,,,,,,,,,,,,,,,,,,,,,,,,,,,,,,,,,,,
Vietnam,VNM,Malaria cases reported,SH.STA.MALR,,,,,,,,,,,,,,,,,,,,,,,,,,,,,,,,,,,,,,,,,74316,,,,,,,,,,17515,16612,19638,17128,15752,9331,4161,6142,,
Vanuatu,VUT,Malaria cases reported,SH.STA.MALR,,,,,,,,,,,,,,,,,,,,,,,,,,,,,,,,,,,,,,,,,6768,,,,,,,,,,8169,4820,3435,2381,982,423,1868,1072,,
World,WLD,Malaria cases reported,SH.STA.MALR,,,,,,,,,,,,,,,,,,,,,,,,,,,,,,,,,,,,,,,,,,,,,,,,,,,,,,,,,,,,
Samoa,WSM,Malaria cases reported,SH.STA.MALR,,,,,,,,,,,,,,,,,,,,,,,,,,,,,,,,,,,,,,,,,,,,,,,,,,,,,,,,,,,,
Kosovo,XKX,Malaria cases reported,SH.STA.MALR,,,,,,,,,,,,,,,,,,,,,,,,,,,,,,,,,,,,,,,,,,,,,,,,,,,,,,,,,,,,
"Yemen, Rep.",YEM,Malaria cases reported,SH.STA.MALR,,,,,,,,,,,,,,,,,,,,,,,,,,,,,,,,,,,,,,,,,1394495,,,,,,,,,,106697,90410,109908,102778,86707,76259,98701,114004,,
South Africa,ZAF,Malaria cases reported,SH.STA.MALR,,,,,,,,,,,,,,,,,,,,,,,,,,,,,,,,,,,,,,,,,,,,,,,,,,,8060,9866,5629,8645,11705,4357,4323,28295,,
Zambia,ZMB,Malaria cases reported,SH.STA.MALR,,,,,,,,,,,,,,,,,,,,,,,,,,,,,,,,,,,,,,,,,,,,,,,,,,,,,,,4077547,4184661,4851319,5505639,,
Zimbabwe,ZWE,Malaria cases reported,SH.STA.MALR,,,,,,,,,,,,,,,,,,,,,,,,,,,,,,,,,,,,,,,,,,,,,,,,,,,249379,319935,276963,422633,535931,391651,279988,316392,,
